"Priority","RelativePath","cURLCount","SyncAsync","HasHttpClientDI","FileType","Complexity","ExecuteSync","ExecuteAsync","MigrationStatus"
"P1","Controllers/_auditController.cs","7","Async","False","Controller","Medium","0","7","Batch1-Done"
"P1","Controllers/_config.cs","3","Async","False","Controller","Simple","0","3","Batch1-Done"
"P1","Controllers/_usersController.cs","2","Async","False","Controller","Simple","0","2","Batch1-Done"
"P1","Controllers/abstractorDeidentifiedCaseController.cs","1","Async","False","Controller","Simple","0","1","Batch1-Done"
"P1","Controllers/AccountController.cs","5","Mixed","False","Controller","Medium","2","3","Batch1-Done"
"P1","Controllers/AccountController.OIDC.cs","3","Mixed","False","Controller","Simple","1","2","Batch1-Done"
"P1","Controllers/api/aggregate_reportController.cs","1","Async","False","Controller","Simple","0","1","Batch1-Done"
"P1","Controllers/api/case_viewController.pmss.cs","2","Mixed","False","Controller","Simple","1","2","Batch1-Done"
"P1","Controllers/api/caseController.cs","9","Async","False","Controller","Medium","0","9","Batch1-Done"
"P1","Controllers/api/caseController.pmss.cs","7","Async","False","Controller","Medium","0","7","Batch1-Done"
"P1","Controllers/api/caseRevisionController.cs","4","Mixed","False","Controller","Medium","1","3","Batch1-Done"
"P1","Controllers/api/caseRevisionList_case_viewController.cs","1","Async","False","Controller","Simple","0","1","Batch1-Done"
"P1","Controllers/api/caseRevisionListController.cs","1","Sync","False","Controller","Simple","1","0","Batch1-Done"
"P1","Controllers/api/checkcodeController.cs","2","Async","False","Controller","Simple","0","2","Batch1-Done"
"P1","Controllers/api/cvsAPIController.cs","7","Async","False","Controller","Medium","0","7","Batch1-Done"
"P1","Controllers/api/data_summary_viewController.cs","1","Async","False","Controller","Simple","0","1","Batch1-Done"
"P1","Controllers/api/de_idController.cs","1","Async","False","Controller","Simple","0","1","Batch1-Done"
"P1","Controllers/api/de_identified_listController.cs","1","Async","False","Controller","Simple","0","1","Batch1-Done"
"P1","Controllers/api/dqrReportController.cs","1","Async","False","Controller","Simple","0","1","Batch1-Done"
"P1","Controllers/api/export_list_managerController.cs","2","Async","False","Controller","Simple","0","2","Batch1-Done"
"P1","Controllers/api/export_queueController.cs","3","Async","False","Controller","Simple","0","3",""
"P1","Controllers/api/ije_messageController.cs","4","Async","False","Controller","Medium","0","4",""
"P1","Controllers/api/interactive_report_viewController.cs","1","Async","False","Controller","Simple","0","1",""
"P1","Controllers/api/isDuplicateCaseController.cs","2","Async","False","Controller","Simple","0","2",""
"P1","Controllers/api/jurisdiction_treeController.cs","3","Async","False","Controller","Simple","0","3",""
"P1","Controllers/api/metadataController.cs","4","Async","False","Controller","Medium","0","4",""
"P1","Controllers/api/overdose_measureController.cs","1","Async","False","Controller","Simple","0","1",""
"P1","Controllers/api/passwordChangeController.cs","3","Async","False","Controller","Simple","0","3",""
"P1","Controllers/api/pinned_casesController.cs","2","Async","False","Controller","Simple","0","2",""
"P1","Controllers/api/pmss_csv_importController.cs","2","Async","False","Controller","Simple","0","4",""
"P1","Controllers/api/populate_cdc_instanceController.cs","6","Async","False","Controller","Medium","0","6",""
"P1","Controllers/api/powerbi_measureController.cs","1","Async","False","Controller","Simple","0","1",""
"P1","Controllers/api/record_idController.cs","1","Async","False","Controller","Simple","0","1",""
"P1","Controllers/api/sessionController.cs","3","Async","False","Controller","Simple","0","3",""
"P1","Controllers/api/substance_mappingController.cs","2","Async","False","Controller","Simple","0","2",""
"P1","Controllers/api/ui_specificationController.cs","4","Async","False","Controller","Medium","0","4",""
"P1","Controllers/api/user_role_jurisdiction_viewController.cs","2","Async","False","Controller","Simple","0","2",""
"P1","Controllers/api/user_role_jurisdictionController.cs","6","Async","False","Controller","Medium","0","6",""
"P1","Controllers/api/userController.cs","8","Async","False","Controller","Medium","0","8",""
"P1","Controllers/api/validatorController.cs","2","Async","False","Controller","Simple","0","2",""
"P1","Controllers/api/version_attachController.cs","2","Async","False","Controller","Simple","0","2",""
"P1","Controllers/api/versionController.cs","6","Async","False","Controller","Medium","0","6",""
"P1","Controllers/api/vital_importController.cs","6","Mixed","False","Controller","Medium","1","5",""
"P1","Controllers/api/zipController.cs","2","Async","False","Controller","Simple","0","2",""
"P1","Controllers/backup_managerController.cs","9","Async","False","Controller","Medium","0","7",""
"P1","Controllers/broadcast_messageController.cs","3","Async","False","Controller","Simple","0","3",""
"P1","Controllers/CaseController.cs","1","Async","False","Controller","Simple","0","1",""
"P1","Controllers/clear_case_status.cs","6","Async","False","Controller","Medium","0","5",""
"P1","Controllers/HomeController.cs","2","Async","False","Controller","Simple","0","2",""
"P1","Controllers/loggerController.cs","4","Async","False","Controller","Medium","0","4",""
"P1","Controllers/manage_usersController.cs","2","Async","False","Controller","Simple","0","2",""
"P1","Controllers/recover_deleted_case.cs","7","Async","False","Controller","Medium","0","7",""
"P1","Controllers/update_maiden_name.cs","4","Mixed","False","Controller","Medium","1","3",""
"P1","Controllers/update_year_of_death.cs","6","Mixed","False","Controller","Medium","1","5",""
"P1","Controllers/vitalsController.cs","2","Async","False","Controller","Simple","0","2",""
"P2","CustomAuthHandler.cs","2","Sync","False","Other","Simple","2","0",""
"P2","SharedLibraries/Case/DAL/CaseDAL.cs","2","Async","False","Other (DAL)","Simple","0","2",""
"P2","SharedLibraries/OfflineCase/DAL/OfflineCaseDAL.cs","6","Async","False","Other (DAL)","Medium","0","6",""
"P2","SharedLibraries/Session/DAL/SessionDAL.cs","1","Async","False","Other (DAL)","Simple","0","1",""
"P2","util/authorization.cs","3","Sync","False","Utility","Simple","3","0",""
"P2","util/authorization.pmss.cs","3","Sync","False","Utility","Simple","3","0",""
"P2","util/authorization_case.cs","1","Sync","False","Utility","Simple","1","0",""
"P2","util/authorization_case.pmss.cs","1","Sync","False","Utility","Simple","1","0",""
"P2","util/authorization_user.cs","2","Sync","False","Utility","Simple","2","0",""
"P2","util/authorization_user.pmss.cs","2","Sync","False","Utility","Simple","2","0",""
"P2","util/CaseViewSearch.pmss.cs","2","Async","False","Utility","Simple","0","2",""
"P2","util/JurisdictionAuthorizationRequirement.cs","2","Sync","False","Utility","Simple","1","0",""
"P2","util/JurisdictionSummary.cs","3","Async","False","Helper","Simple","0","3",""
"P2","util/OfflineSessionHelper.cs","2","Async","False","Helper","Simple","0","2",""
"P2","util/SessionSummary.cs","1","Async","False","Helper","Simple","0","1",""
"P2","util/VROSummary.cs","3","Mixed","False","Helper","Simple","2","3",""
"P3","model/actor/Post_Session_Actor.cs","2","Sync","False","Other (Actor)","Simple","2","0",""
"P3","model/actor/Record_Session_Event.cs","1","Async","False","Other (Actor)","Simple","0","1",""
"P3","model/actor/SteveAPI_Instance.cs","3","Sync","False","Other (Actor)","Simple","3","0",""
"P3","util/c_cdc_de_identifier.cs","1","Async","False","Utility","Simple","0","1",""
"P3","util/c_convert_to_dqr_detail.cs","1","Sync","False","Utility","Simple","1","0",""
"P3","util/c_convert_to_opioid_report_object.cs","1","Sync","False","Utility","Simple","1","0",""
"P3","util/c_convert_to_report_object.cs","1","Sync","False","Utility","Simple","1","0",""
"P3","util/c_de_identifier.cs","2","Async","False","Utility","Simple","0","2",""
"P3","util/c_generate_frequency_summary_report.cs","1","Sync","False","Utility","Simple","1","0",""
"P3","util/c_sync_document.cs","7","Mixed","False","Utility","Medium","5","8",""
"P3","util/c_sync_document.pmss.cs","7","Mixed","False","Utility","Medium","5","8",""
"P4","model/actor/quartz/Check_DB_Install.cs","13","Mixed","False","Other (Actor)","Complex","12","1",""
"P4","model/actor/quartz/Process_Central_Pull_list.cs","16","Mixed","False","Other (Actor)","Complex","8","9",""
"P4","model/actor/quartz/Process_DB_Synchronization_Set.cs","7","Mixed","False","Other (Actor)","Medium","6","3",""
"P4","model/actor/quartz/Process_Migrate_Charactor_to_Numeric.cs","3","Sync","False","Other (Actor)","Simple","3","0",""
"P4","model/actor/quartz/Process_Migrate_Data.cs","3","Sync","False","Other (Actor)","Simple","3","0",""
"P4","model/actor/quartz/Rebuild_Export_Queue.cs","4","Sync","False","Other (Actor)","Medium","4","0",""
"P4","model/actor/quartz/Synchronize_Deleted_Case_Records.cs","2","Mixed","False","Other (Actor)","Simple","2","4",""
"P4","model/actor/quartz/Vital_Import_Synchronizer.cs","10","Mixed","False","Other (Actor)","Medium","2","9",""
"P4","model/actor/quartz/vital-import/PMSS_ItemProcessor.cs","1","Mixed","False","Other (Actor)","Simple","8","1",""
"P4","model/actor/quartz/vital-import/Vital_Import_Synchronizer.cs","10","Mixed","False","Other (Actor)","Medium","2","9",""
"P4","model/rebuild_export_queue_job.cs","4","Sync","False","Other (Job)","Medium","4","0",""
"P4","model/remove_deleted_job.cs","2","Mixed","False","Other (Job)","Simple","2","2",""
"P4","Program.cs","2","Sync","True","Other (Host)","Simple","2","0",""
"P4","util/c_db_setup.cs","50","Mixed","False","Utility","Complex","1","49",""
"P4","util/c_document_sync_all.cs","10","Async","False","Utility","Medium","0","12",""
"P4","util/c_document_sync_all.pmss.cs","10","Async","False","Utility","Medium","0","12",""
"P4","util/core_element_export/core_element_exporter.cs","6","Sync","False","Utility","Medium","6","0",""
"P4","util/exporter/export_all_generate_name_map.cs","1","Sync","False","Utility","Simple","1","0",""
"P4","util/exporter/exporter.cs","9","Sync","False","Utility","Medium","9","0",""
"P4","util/exporter/mmrds_exporter.cs","7","Sync","False","Utility","Medium","7","0",""
